4589942650055,Tsunan Clear Water,0.99
734389379170,Kellytoy Squishmallows 8 inch plush,9.99
6953636902009,8 OUNCES (NET) GARLIC 8OZ MESH WRAP,0.34
6987562489686,8 OUNCES (NET) GARLIC 8OZ MESH WRAP,2.76
7374830206370,8 LIQUID OUNCES 3 LDY HAINAN SCE 8OZ,18.50
7501001108021,2 LITER ARIEL OXI-REVITA 2L,16.89
7501001108045,9 LITER ARIEL LIQUID DTGT 9L,18.92
7501001109196,3 LITER DOWNY BLACK SFTNR 3L,18.45
707121260824,GRAPE SODA 12PK,15.90
707121260831,ORANGE SODA 12PK,9.16
707121260848,SODA BLK CHERRY 12 PK,13.10
707121260855,SODA DT COLA 12PK,18.91
707121260862,SODA DT LEM LIM 12PK,5.23
707121260879,CREAM SODA 12PK,6.85
707121260886,DIET CREAM DOSA 12PK,7.24
707121260893,ROOT BEER 12PK,15.11
707121260909,ORANGE SODA 12PK,18.46
707121260930,GINGR ALE 12PK,3.38
707121260947,BL CHERRY SODA 12PK,18.39
639277652157,Alkaline Battery,2.92
639277652164,eCircuit Electronics Microphone,2.87
639277653314,4 ct Sunbeam Alkaline AAA Batteries,6.13
639277653505,bride and groom figurine,5.07
639277654151,basket,14.92
48500000083,12 fl. oz. Tropicana Pomegranate Blueberry Juice,3.34
48500004449,1.89L Tropicana Grovestand Orange Juice,16.97
48500017821,12oz Tropicana Grape,13.00
019200771825,Lysol disinfecting wipes,8.99
805752356432,Essential disinfecting wipes,14.50
051500240953,Jif peanut butter,7.65

